{
  "version": 1,
  "author": "Eduardo Ferreira (Edu)",
  "editor": "wokwi",
  "parts": [
    {
      "type": "board-esp32-devkit-c-v4",
      "id": "esp",
      "top": 0,
      "left": 0,
      "attrs": { "env": "micropython-20231227-v1.22.0" }
    },
    { "type": "wokwi-led", "id": "led1", "top": 82.8, "left": 157.4, "attrs": { "color": "red" } },
    { "type": "wokwi-ds1307", "id": "rtc1", "top": 33, "left": -115.1, "attrs": {} },
    {
      "type": "wokwi-buzzer",
      "id": "bz1",
      "top": 79.2,
      "left": 213,
      "attrs": { "volume": "0.1" }
    },
    {
      "type": "wokwi-pushbutton",
      "id": "btn1",
      "top": 95.9,
      "left": 281.9,
      "rotate": 90,
      "attrs": { "color": "green", "xray": "1" }
    }
  ],
  "connections": [
    [ "esp:TX", "$serialMonitor:RX", "", [] ],
    [ "esp:RX", "$serialMonitor:TX", "", [] ],
    [ "esp:3V3", "rtc1:5V", "red", [ "h-167.81", "v29.2" ] ],
    [ "esp:22", "rtc1:SCL", "yellow", [ "h14.44", "v-67.2", "h-288", "v96.2" ] ],
    [ "esp:21", "rtc1:SDA", "green", [ "h24.04", "v-105.6", "h-307.2", "v96.3" ] ],
    [ "esp:GND.1", "rtc1:GND", "black", [ "h-158.21", "v-105.6" ] ],
    [ "esp:15", "bz1:2", "red", [ "h148.84", "v-9.6" ] ],
    [ "esp:GND.1", "bz1:1", "black", [ "h-23.81", "v76.8", "h278.4" ] ],
    [ "esp:2", "led1:A", "red", [ "h0" ] ],
    [ "esp:GND.1", "led1:C", "black", [ "h-23.81", "v76.8", "h192", "v-96" ] ],
    [ "esp:4", "btn1:2.l", "green", [ "h43.24", "v-76.8", "h179.1" ] ],
    [ "esp:GND.1", "btn1:1.l", "black", [ "h-23.81", "v76.8", "h374.4", "v-153.6", "h-28.8" ] ]
  ],
  "dependencies": {}
}